horas_estudio_semana,asistencia_pct,horas_sueno,promedio_anterior,actividades_extra,nivel_estres,nota_final,aprobado
11.861663446573512,59.25664644193098,5.570234102415435,,0,3,15.35440886810983,1
,77.0950473689179,5.4818727944319985,17.56017676629647,1,8,20.0,1
22.227824312530746,93.64729179382041,9.437527483126221,11.005614785509987,1,7,18.432744244204915,1
,86.61124432047805,5.497277199097036,15.498489195283987,0,3,18.73359714886217,1
5.524540572830659,90.32805739307248,5.6316983567717855,14.860951797724985,0,6,17.605537047439775,1
5.523841089749877,82.93916833553587,8.556389574507783,17.993964521459255,0,4,18.71549688274031,1
2.6844247528777845,84.61382822589263,6.69843905470324,,0,5,16.231352803472543,1
26.11910822747312,92.45978257826596,8.660263341731088,8.145881257728641,0,5,17.567109691714208,1
18.432335340553056,62.483400442959294,4.392196945386312,16.088239028705512,1,7,17.962000248842212,1
21.53410475608532,74.47124818215703,6.925427162040306,8.622029589436748,0,5,17.64027693198534,1
1.596950334578271,61.06047209098011,4.201681601099696,14.586303980928271,0,3,12.56788096023604,1
29.127385712697837,99.38340039983234,4.375919220732127,11.451592748524138,0,10,20.0,1
25.14083658321223,97.20296698433066,9.438624720066466,11.681319194265694,1,5,20.0,1
7.157834209670009,51.9713405684253,4.835472226705571,12.23550204142828,0,7,11.114019869888686,1
6.272924049005918,85.27875862578442,7.194524093651303,15.45550938859532,1,5,14.924199497113054,1
6.3187307857495805,96.26241587078329,6.466573615604239,12.00859958802523,0,5,17.458803438983505,1
9.823025045826594,59.02876725636668,6.084059957553056,16.792388607083364,1,9,15.713437152322058,1
16.2179365173349,78.39726152763147,9.399000074123634,12.854328626886437,1,3,17.620813220784694,1
13.526405540621358,95.77441487940209,4.1309403806529374,8.820238403719504,0,6,16.402736897456176,1
,51.69729892928994,7.982738117053534,17.405118109809287,0,1,14.695210321773056,1
18.743733946949003,84.871013362342,9.780366605281301,11.429099895112472,0,10,18.922336121544387,1
5.045321958909213,64.86745036862754,7.361009100771051,13.193202555191151,0,5,15.87064501033344,1
9.472194807521326,96.21980976882652,9.62093477219855,16.225326598662818,1,8,19.935575333344893,1
11.62449345551706,98.55291225826838,4.313547275716143,11.989473885784545,1,5,17.138965133872144,1
14.226029542294041,,6.512759914444969,8.679027873760587,1,9,16.477106843701083,1
23.770102880397395,73.71071083287319,5.560946745772307,12.487052564153764,1,6,18.279401322581148,1
6.790539682592432,93.10213254946567,8.38492578988438,19.333382992331643,0,8,18.779947559777494,1
15.912798713994736,92.22746992675351,9.88778254298348,15.700812767582699,0,10,19.058234538545527,1
18.180022496999232,65.95502366216279,5.539180374665487,16.057749784006482,1,8,19.18484464640308,1
,91.44577370753387,7.925047608844447,15.587385843651678,0,3,12.118375915180959,1
,51.85038173577463,5.18858579655844,10.387905667513241,1,7,15.728593116037391,1
5.945199586931454,,7.391981527429659,,0,7,15.385978047888795,1
2.886496196573106,61.50044186438515,6.783594920130017,17.011277580359817,0,10,15.714617802275834,1
28.517680580346664,56.02834428886394,9.832031977789223,9.216474770637909,1,6,19.159912843076487,1
,53.84766008146046,7.651163636178799,11.334233313076547,0,7,17.59391134324425,1
24.443523095377373,84.81443879390699,6.097038232520912,11.315829301590243,1,2,20.0,1
9.83379930602775,66.9937481884033,,13.184227131134072,1,9,14.671104247280834,1
3.8324913061851325,86.23833857643808,4.907480972409608,19.76442489130622,1,10,14.77789106985543,1
,53.26781703994712,5.351901579707411,8.810030560205863,1,10,15.34186916832616,1
13.764422318448437,65.76451689153052,5.505799968041788,,0,1,15.459163026858397,1
4.539108810498586,76.97456461876686,9.103696347046828,10.152376184146526,1,1,13.120471853280375,1
15.360130393226836,89.53615824194819,7.3673367296951495,19.64811854491693,0,3,20.0,1
1.9972671123413335,65.9376251466035,7.140345468246199,9.35964205672957,0,3,11.273979825152814,1
,81.29456882185045,4.688613231215305,12.843212028339096,1,1,19.951826914821094,1
8.504619466400491,94.29888741180935,9.16083816009661,,0,7,20.0,1
20.213146246265477,80.79315940911523,8.336885819250902,16.45465313632934,0,4,20.0,1
10.039621206592917,61.64797373768169,4.406010171400009,,0,10,12.703038449289057,1
,51.220039077826904,,12.15829001543262,0,2,12.40055504699071,1
16.85459810095511,93.50494369504649,7.261229304055877,12.771348542634447,1,10,18.04940687801688,1
6.360779210240284,51.063470542519354,,11.17131515790367,0,5,12.737559581493073,1
29.117954205172197,93.73508363420997,6.749803849171939,10.463995264481598,1,6,20.0,1
23.478851877472323,76.4468567013606,6.908177722780282,13.79647637070668,1,9,20.0,1
,96.95338492564481,4.9946472409796545,11.222405072811288,1,4,20.0,1
26.949993162401817,89.93916178868326,9.674188882001694,11.449539978767001,0,2,20.0,1
18.339099385521468,99.89670552666686,9.099852228883972,15.881072761694686,1,5,18.821053976464395,1
27.734352815670388,67.53559077258551,8.01413402397465,19.622447980398707,0,3,20.0,1
3.5662825595056655,88.35941444655634,6.773773366003644,15.2436464067125,1,2,16.630980563863027,1
6.683503010155211,70.0965456804621,6.470593249507051,8.923753604779595,0,1,10.900259745445592,1
2.3115913784056037,73.99378101519544,7.905840802905725,8.907003366248803,1,10,12.576850780716411,1
10.434579592134666,81.37527316091851,7.272591216441433,19.41707865014679,1,2,17.730941685963565,1
12.271641400994978,93.68385570931693,4.3736386352913135,11.567489483688004,0,6,15.83776789548093,1
8.869121921442982,99.20417345996475,7.07501589262199,9.104803832989706,0,8,18.152798552591964,1
25.03338776540595,88.41367069322591,8.838421703397037,15.188535045804578,1,3,20.0,1
11.345846474114088,70.8883391083667,6.755439265581749,15.483785339483193,0,9,17.464656105938612,1
9.147100780934043,71.06785011385351,4.31173946532561,15.782057841424258,1,9,17.691052759064316,1
16.738186411589204,86.87911507944457,8.717669196304199,11.208824334290496,0,2,14.263948740886022,1
5.0868025242681165,61.938857288415115,5.208182692815846,8.1813282105737,0,8,11.944631730306904,1
24.26371244186715,55.52370565656973,5.551725009328233,19.580184433453663,1,10,19.52202029485706,1
3.1619686667133537,67.73110788203883,4.988238120593776,11.01071654829323,1,5,11.18207882137431,1
29.619721161415,64.36194958270409,5.9812903892289855,16.11231545663057,1,4,20.0,1
23.395098309603064,64.81540602279951,8.54050903413181,16.479558438544515,0,10,19.547332310464498,1
6.7627547644909995,,7.1163151570236245,,1,5,15.216682399763164,1
1.1601413965844696,52.104659481818096,,11.754888730563778,0,4,10.199199408108537,0
24.64838142519019,50.89369673667069,9.266980468912244,11.25315504516879,1,8,17.237459641317727,1
21.498862971580895,99.38611948680158,9.277491129709176,15.172019392432437,1,4,20.0,1
22.14120787318863,71.38865668679311,9.22347055027604,18.393147603340296,0,10,19.54108713823481,1
,69.21633235798409,5.432777268289236,19.36080474708075,0,6,20.0,1
3.1472949002886206,83.9823641346535,6.707436065085929,9.270869652845091,0,2,12.896536548970056,1
11.395506127783905,60.912694393253204,9.90993793684525,,1,5,16.208956207291358,1
4.360202726228762,97.49805919751127,8.632074857859942,19.336835105396958,0,6,20.0,1
26.029999350392213,89.3172507207776,4.163004527353359,16.83842274001751,1,5,20.0,1
19.07564567799918,54.47055011561297,4.391227547562952,18.595925897957276,0,2,18.698505590142677,1
10.596042720726826,,6.783588260873996,,1,7,14.007768878073266,1
,93.95591537810824,9.455321235169361,15.051030453312823,1,4,16.464361294927897,1
10.018487329754205,97.2366011145705,7.232210787716285,16.413675133009683,0,8,19.68304548490135,1
,73.37007556249348,6.986875048205741,16.161342625363673,0,7,17.72191203166092,1
22.158579171803858,80.67056946053539,4.632842199739784,,0,7,15.522050641028734,1
19.48916666930118,,7.940680628345764,8.184738700295702,1,9,15.505563210199421,1
26.72916953471347,99.55843130684883,8.932618963601353,14.995112681651158,1,1,20.0,1
14.69423282969653,61.58358506917217,6.2825200450453735,11.037218470155306,0,10,13.924108872540893,1
4.46823313221075,97.13658870675629,8.653671105551965,13.403050953714684,1,6,17.60673420906783,1
21.684098829466855,82.48233244961843,9.786859923404869,19.49097218100581,0,6,20.0,1
23.062766409890024,80.38683974394296,5.2225987547661346,12.788423811709217,0,6,20.0,1
,75.63442555082543,7.139977787168448,18.07761927997312,1,6,19.199774475109766,1
23.358048218682267,61.53349058588793,5.722827748507453,10.262487268991013,0,10,15.651749956581515,1
15.320072294567332,58.82640160027542,8.757126514203037,16.069525976300348,0,7,12.397105596753361,1
16.159252052077825,61.02431045350877,7.465560195286945,19.724083453267323,0,10,19.113614037153187,1
13.39868953239794,59.32191310721272,7.807494505301823,,0,6,14.509409216322405,1
1.7371546755787604,88.97922367833766,8.787484957695364,8.099839306726304,0,1,12.50620922805087,1
4.128851382805829,67.5062629583365,6.375822835974729,13.202993511591373,0,3,14.67109842856894,1
1.9114463849152932,52.89213382816982,9.490540410442259,9.111505796616406,1,2,7.526964263189393,0
19.45590192664963,,,16.980612196114777,0,6,20.0,1
,94.18929424817128,4.947728937012088,18.974583966182706,0,8,19.66820860727242,1
15.74855004377638,96.38761415976064,8.175394709012814,,0,3,19.481464071726922,1
27.319427743856696,99.74539113232177,8.759568102629526,11.104539705865292,0,10,20.0,1
8.229474645317374,58.69476246097437,5.90057006240516,13.212839828079318,1,8,13.466191234776232,1
12.901104768033262,69.81210094513294,,16.68137381420001,1,8,17.081902374444482,1
,87.91192378520456,9.4368595285946,8.10864993896445,0,5,17.502907039714966,1
7.635146799257051,84.8010309026896,5.661426924266854,15.073447873816367,1,8,18.792895486704815,1
3.2324173850349966,57.69479531699275,9.901128836291331,15.359500218648549,0,6,10.736210500801253,1
9.402792134499272,90.79165624953089,4.84426916829255,15.652258962751226,0,5,17.331407701132242,1
5.675417330366129,61.22202859183304,5.21209401041494,10.904264959770526,0,9,14.727439642847592,1
27.96123191793462,61.19088074113115,5.105349035428157,16.56863268053752,0,7,20.0,1
24.435491007368093,76.84872114467068,9.363938260047222,9.096697835981317,0,8,18.62393357351812,1
19.368708938802282,79.64699674208515,7.925755313949772,10.39124403760161,1,1,17.964348054179272,1
26.272357115443814,79.00431039189056,4.9126256993336375,18.52964055985378,0,2,20.0,1
24.30649023007432,54.574341869887746,6.641940510210094,16.864677808718795,1,8,19.3924615122123,1
6.410531707695039,93.87304313151901,7.691788150418812,8.164946648136143,0,9,14.051643726221181,1
26.884210956209355,63.2800021294353,4.5007845099363,10.980515124437602,0,4,19.054912448763886,1
,56.47574606414021,9.294498210444033,10.572877795917975,1,10,12.60964115100791,1
24.415764499757813,94.43740399344887,8.82162121264921,11.249675936443671,0,10,20.0,1
26.986647697781304,97.78257491148767,7.03124064145983,10.970717243358637,0,9,20.0,1
10.222100774184053,93.10638086327253,9.802759691555023,8.750315548914148,1,4,15.571659850467269,1
4.191505811302626,,6.506565875650598,,1,10,16.678594186638627,1
7.610119713716308,,9.904661914218988,16.79280169743398,1,10,17.741885908550458,1
13.386125870161433,77.54286853045696,8.007519992821763,15.280780696609238,1,10,16.970826682488738,1
24.7224282117523,54.34933799557051,7.808027639523649,16.074460023176957,1,9,17.693657742667853,1
25.96118691443396,70.42266065353493,4.9957293717747095,8.97379014243487,1,7,17.04255546357664,1
1.2016117854045305,68.6344258506157,9.291566549827863,19.417888522121444,0,2,15.430420383263579,1
15.811671774749406,62.98768918801631,6.564938127523691,,0,9,18.18281355569517,1
13.10491909131459,86.17100568442925,,17.661083821947955,0,4,20.0,1
7.441126503651177,74.79378675393855,4.0756451198545545,17.87580566050121,0,8,18.048344058995532,1
4.476095652676801,54.0523107953824,7.358534101830296,19.192526097593138,1,7,15.608247689069488,1
10.79083997070521,61.009160097490565,7.164397732736058,14.531047593364372,1,7,15.545208240874704,1
28.344381413463054,84.16293818297979,8.316121734214951,10.40338421441151,0,8,19.637663504118997,1
10.372885028601901,53.80654297451501,9.341548318106813,15.401403294230494,0,1,15.141090067686758,1
16.044928030557617,92.56034570243844,4.476439507858177,16.91457792401527,1,5,20.0,1
21.38754980796016,,,16.855008720248307,0,2,18.92642898272362,1
11.545258468999526,74.0293288663324,,14.257388290002561,1,2,18.38438963117219,1
29.181680398907858,79.62038923297588,9.149062318942985,8.821504632002936,0,1,20.0,1
28.910971553321225,,8.914381083169935,12.453355261161533,0,5,20.0,1
8.301686578935561,67.39046039510966,7.244762529913267,19.049199301560286,0,2,15.892539376140956,1
15.420206670879178,83.90080762795318,8.26145679173987,15.013386917089113,0,4,18.196572201734003,1
9.72547098468632,78.28659819978955,5.886100679102491,14.459983319068561,1,3,17.4450717587117,1
9.26037433694656,63.35141350847107,6.827007393596888,11.226242172586321,1,3,14.345838291646599,1
2.069721473281451,93.9314993177579,8.92982138626283,,1,2,15.04923200853934,1
18.67736568541701,89.8713010803464,6.755591183039283,,0,6,20.0,1
15.577691673636982,82.92259173292128,6.1467895919526505,15.997556570322029,0,2,17.433141008843734,1
2.492883786249691,,6.965274683501799,17.448644321027995,1,8,17.552273431794994,1
9.080747462861732,93.36471004799012,8.969495514623311,,1,8,17.290225211063174,1
27.339710693032956,85.41814883575174,6.011248284225236,15.562966633473895,0,5,20.0,1
7.9472948293422006,91.85066641818361,5.042569558814463,10.98060330491849,0,10,13.662737001692939,1
5.20195129064547,84.87357308346418,8.272084121984685,,1,7,16.67459641518032,1
15.194130048049328,84.00703858801502,8.95586927624849,13.131216004440049,0,4,18.746869119319033,1
29.58386316920742,80.93056891075922,4.6038248711411995,13.310546177776947,0,1,19.738711610389046,1
8.019602873833513,87.63583197788206,5.439244676535669,15.79186789492258,0,2,17.513940323891937,1
20.49193087477048,57.93025526465368,4.851831938565963,19.23536745762712,0,10,19.818111399720102,1
23.08696884453281,94.04353795994642,6.087648469493,8.768076159303451,1,10,19.006330598354374,1
7.891488775779591,93.5921763872616,6.702105873432476,17.89691884816409,1,4,19.455189114318436,1
22.11827410974393,,8.492958021779838,11.508597324946317,0,1,16.18616395365852,1
11.665710848858344,91.29083752823814,7.906885509290045,13.327033454076535,0,8,18.38436689711648,1
,56.44349337367226,7.725571404870587,8.262959945300107,0,9,15.551964440963996,1
19.372361612065948,66.7559427129571,6.114249679657926,11.612552934011756,0,4,17.934534287745983,1
16.537465838167996,87.1754128145804,9.04868531850856,14.031574911561567,0,10,20.0,1
3.6184033315778406,58.03799480241541,6.827723004388988,8.674112928169269,1,3,10.866453434159471,1
25.2237723720879,90.8983512059531,9.874629628090927,13.893148752597982,0,2,20.0,1
10.30262188418034,91.6067088978871,7.804852829774421,19.12532754630113,0,5,18.929903406433468,1
6.409036801595772,75.37338668804182,4.757588449387017,9.264718617293664,0,3,11.570974026897446,1
2.1824791050881536,50.31929358584168,8.057065372452604,17.173288736906052,0,10,12.782758049542396,1
18.135895352459013,64.35190665874563,5.950624092590194,12.91605264051191,0,7,19.024347899795817,1
20.64936649342619,80.84634591878711,8.117963180116584,15.862084574292057,0,6,20.0,1
,99.05930890137117,,11.122839175822753,1,1,15.473793043703507,1
15.850698690679149,81.59067635083342,5.049288623055756,9.9139071504963,0,8,15.751420095712868,1
7.5683774807402004,62.99017905320799,9.134423553434718,9.925551371254716,0,2,12.831959070785699,1
19.710010921874044,81.70028515498056,5.363077342141089,8.845903347717735,1,5,19.510413823259025,1
6.0566264411447515,76.99926898579278,9.02224675145764,10.227760458814917,1,9,14.637390974446582,1
21.037194404971512,88.99226975755718,5.675656530726463,15.970632619867619,0,8,19.24242029548548,1
,55.34903194134792,7.857291460352246,18.580287342122098,1,2,17.487657867851624,1
28.165169673365302,88.05139512510141,8.164903441058986,17.769508227093944,0,9,20.0,1
4.988107380233805,77.06332893380551,7.075928518870318,16.22161171849381,0,5,15.95164025468885,1
10.890924180457496,98.14960019294973,5.831864060180388,9.325182360933232,0,10,17.813593386859026,1
4.290732115977083,67.0936083019343,5.275866258226577,11.470249355551399,1,6,11.334427147630807,1
27.81611493007832,81.6310946566974,4.199136127374557,11.717682503869629,1,3,20.0,1
26.44284124804845,96.60140527550087,5.823678407444342,10.999483356771455,0,3,20.0,1
8.480307203739512,55.12548639953396,7.918976743187698,14.180067916516677,0,10,15.258592192881473,1
20.139537334991193,96.86142436182256,9.629828910690897,14.426645778556072,1,8,20.0,1
24.69944380583526,84.39428611504067,9.227226893578312,12.282631702053322,0,10,19.43782159882465,1
17.100823536384407,53.39185295525859,8.596388659211815,12.245469904837233,0,10,13.806924662447159,1
16.35986677232419,,8.730684059519792,17.942667174872977,1,2,18.76166024804556,1
,85.40860443226407,,17.471514179836227,1,2,18.20474240408359,1
3.6999802663710772,53.36753007343859,5.561721145396018,11.693549980168948,1,5,10.973609420906877,1
27.019256980646475,79.10852300881366,9.44317018423498,18.96546132647911,1,6,20.0,1
27.112123657736582,67.29415284764784,,19.43378020403007,0,2,20.0,1
19.35994226092477,81.04577588837385,7.362643785882639,11.92091050436049,1,5,18.846172491900823,1
10.831863940412319,52.28710169062564,4.665936815280887,,1,7,13.814245580218634,1
11.127077663767166,93.57684030761882,6.682333262838553,14.067609841063506,0,10,19.2130019057536,1
22.052714687236943,98.67444845886985,6.762149627211558,19.293449750404083,0,10,20.0,1
27.016197538624734,,9.187381657136019,,0,8,20.0,1
26.7255063036884,,7.279889321126731,9.230815551003078,0,7,20.0,1
23.616390829871094,56.5043120065316,,12.712768919256995,1,8,16.684418287522035,1
,87.91315979645113,9.860801971063957,14.640454276997263,1,9,19.82941171279331,1
3.440058984856416,51.229345822940076,4.664323559957894,14.03758967061848,0,5,13.621359869139535,1
5.6872327087437995,51.106177576449866,6.535290569871668,10.326356815242711,0,5,10.126793919850723,0
27.0580714672853,66.18051095747705,4.252148051028431,18.305801254017858,1,10,20.0,1
,74.43215952023328,8.439424724601583,16.123289395962047,0,4,18.85050972577704,1
1.2667144968822597,88.52037089038966,9.508459313194905,18.05490049822164,0,9,13.779179415466606,1
3.942674743114931,,5.680223977302937,,0,5,16.736386368837277,1
20.24155130413362,72.29513531883742,9.150050060794726,16.980270243988876,0,2,18.57815437535156,1
1.146785931540342,63.68133331408329,5.753309382771387,13.270527214996608,0,10,12.402250645834417,1
5.663433491107461,99.85622500788556,9.46462096986349,15.326561060185094,0,8,19.473734737256503,1
16.913279891631,71.30906511179865,8.523771421580705,9.924384873436917,0,7,12.853383828283448,1
21.064960733088103,72.56935121648377,8.829440661048633,16.083745009698895,0,8,19.399545869453945,1
19.906876525575417,58.181191059583455,4.108039333602727,10.15103906887137,0,3,16.52908254062699,1
7.503809974356233,89.74047743749647,9.776862142444156,16.327395086121882,0,4,14.481125392860603,1
21.65319741907854,84.68411128907442,8.360025952421939,10.755177929047624,1,5,20.0,1
7.880223537407202,61.03848063943802,5.8285065723168,9.41061560180264,1,6,12.801999421092244,1
10.436591246618764,54.11905228079213,8.976367989153083,9.983413881715489,0,1,14.161067387648892,1
22.6482507484227,84.02496510373565,5.68912719048958,8.023905622628844,0,4,17.560612189284768,1
19.839354072369225,82.72556071405677,9.236523037396768,16.62487541424236,1,10,20.0,1
25.62747890433116,63.662976349910466,4.675482342471622,16.78881258870055,0,5,20.0,1
20.070773876709957,97.54317811252051,8.222115864764774,14.179200198959114,0,7,20.0,1
17.480949496728677,57.55289458904501,7.244190859869462,9.936353612664604,1,5,16.951273793734547,1
3.716568267014682,,4.579206821172645,9.002652050128276,1,1,12.076226854631845,1
11.663758288723573,97.18079600837994,5.451362969553034,,1,7,16.89062878383022,1
,70.98636584630611,4.074424217663889,9.988978123582648,0,8,14.65384415027208,1
,81.92629738320429,6.812607792787035,18.69026641979776,1,7,20.0,1
29.217306087820923,69.87971989813971,5.807591564560003,,0,4,20.0,1
12.399834015336051,63.7107601174335,7.590144905786553,12.251255926606587,1,8,15.060467681164955,1
26.869350100136284,,5.783426846251703,9.264145813775999,0,5,20.0,1
19.303020153920624,70.46670031575215,5.799514669041908,10.668335656978044,0,10,17.457283211821782,1
24.049527802707804,94.70496018395673,8.45915919238962,14.230694849362461,1,9,20.0,1
15.57647570005057,61.49773029455431,4.2888570158701205,15.29303219714783,0,10,17.684067125445043,1
,60.655235201254165,,10.944227769994534,0,5,13.613383479685243,1
,51.55670414422557,9.113583246347089,,1,1,12.826937830817737,1
6.66204664614329,82.58334126879424,8.00682809935844,12.692394429528784,0,9,16.43585517462493,1
21.951111342583655,,7.559329420644306,,0,5,18.305826783346337,1
9.142398510784819,93.21791249198185,9.353814988837915,10.634647078757624,0,6,15.624432703859203,1
1.7051630265121613,73.66049533457786,5.1119810771722864,19.518353632561464,1,4,15.336903128811063,1
19.718696581307867,98.40967139573608,4.473814973144972,15.39560583110869,1,6,20.0,1
,59.27627578515606,5.437061019457229,14.682541318065152,0,8,11.82590447254786,1
28.273298946234515,,8.767469672201141,12.989301242279863,1,3,20.0,1
28.663928733075032,88.82984263958708,4.2080216003589,13.14733200116173,0,5,20.0,1
27.531067316393006,88.5460922322026,7.496841010500938,14.49086004605697,1,2,20.0,1
11.734602307407888,92.23916140584438,9.972625097147858,16.357157684433286,0,2,17.252052805695833,1
1.4482418793371554,88.05119954714993,9.134176563025235,16.425753154181955,0,7,17.239396169337894,1
27.921238315044036,81.31101608157077,7.128674134261537,10.060326892465394,1,10,19.145165171372646,1
13.417340301202115,56.56224388411938,4.381845455719854,14.001353024919524,0,10,15.618501025355078,1
29.032989752266417,51.6263089745626,8.98824108631426,12.943497140409224,0,10,18.181317027920773,1
28.944979335588332,96.04239239078434,7.593871049063264,,0,6,20.0,1
25.73727420855344,80.8325157260369,4.689597982357401,15.577027054620517,1,4,19.630225792529814,1
9.539017870017984,89.82686454880881,4.563143708940137,14.390048796991781,0,5,19.102385702497923,1
,,9.457760916619554,9.384735706147008,0,1,13.369609281301203,1
25.68296347398885,55.86540944811972,8.01520157762847,15.267654671880937,0,7,17.79916677419545,1
10.190738149532052,56.259289610127524,8.975720795900532,9.406446868162801,0,8,16.014242673240627,1
5.915289653896682,84.27826436144858,9.273873401693603,12.046478906789025,0,9,15.852465861465886,1
17.147236611292154,71.51529474497313,,9.714103577771983,1,8,17.624966501418367,1
28.148488450662647,60.02623633501683,7.104678110530248,16.304883764292427,1,5,20.0,1
21.184864103574217,74.57972733707184,,10.475025366033831,0,3,17.324721271213377,1
17.531773932591584,,,12.702312478256312,0,10,13.701227070273156,1
3.8181183193522874,79.09857009571994,6.607575765152271,18.748097331425342,0,9,16.106300856809327,1
18.835209574275922,63.449670221754886,8.643277934380938,10.451796600787643,0,6,14.709009517984978,1
29.711561653023637,89.87795503185941,7.61154058609079,14.09366076750535,1,5,20.0,1
5.062436441859197,65.51809794617868,,,0,3,10.908263707317989,1
,72.76100745409006,6.660280086275126,8.217488492548757,0,6,15.544278057686263,1
26.443819085910707,50.58102699540503,7.642537472312524,,1,3,20.0,1
22.482289914871927,53.62234438972794,7.787845318551932,,0,10,16.475546848284125,1
21.21345648886277,69.62467782033424,7.550182973837953,,1,6,18.644243247604066,1
21.37203843562617,73.99694173585618,8.215802638513098,14.7281395392674,0,4,19.6417037107652,1
11.4252433853729,80.00102740596519,5.424600810248838,15.541117479375044,1,2,13.07245677936801,1
9.514163483670307,64.58312893546517,7.074182665274744,16.263579551694505,1,8,15.182240626476347,1
24.471473508876894,84.74909430632712,4.625348816850086,11.039268602272582,1,4,18.092045081374305,1
24.49328844569624,93.00611985946023,6.3070679658688755,8.119745319901392,1,9,20.0,1
,88.99254944466749,6.926002411727587,16.681323948258942,0,7,20.0,1
27.483976024137668,51.980941267417855,7.913345557272835,14.427879192170943,0,2,17.910481799040156,1
15.828929566967195,74.02534736289145,9.703186315517222,18.033412438486984,1,4,19.532423638506994,1
15.543972545928789,,7.6039063992901355,17.856660354808334,0,5,17.485425527303256,1
24.15056019003648,62.10225079312637,8.461563497059359,,0,3,20.0,1
19.848953992555188,,7.037596356971217,13.821135919754482,0,9,20.0,1
21.357039440473397,57.12477714507566,7.804624188257987,12.003540750042388,0,5,17.24646503172185,1
24.07798741364693,74.9444076725678,4.42559329680264,17.49869843109644,0,2,20.0,1
26.81015491270942,80.90778671590596,5.526349485051082,13.415529356351058,0,3,19.88987820928261,1
10.801859548694539,85.12324852720519,6.171118559230832,10.201306356841215,1,9,16.731677271220278,1
11.891905626558376,77.98243417434571,6.834960130039081,18.25968823473769,0,7,18.369586340636516,1
3.725476255385201,50.48854237095918,,18.590718521268165,0,2,13.976832908908655,1
17.770124088889045,66.3230654121996,4.840144585319906,,0,9,18.868631383616833,1
2.0423259401055205,75.88558216923558,5.660885846747835,8.908396727717449,0,4,9.49490652732948,0
14.502342525841344,54.39332495724167,9.829196145406303,12.653913079003175,1,9,16.94715356262133,1
,67.53134656045904,5.988082042618305,17.64245191355124,0,2,20.0,1
9.309696311720248,51.66015543956833,6.892246348672495,18.821288342554745,0,10,12.405779441513339,1
18.13416455650131,53.928924857751035,5.176586276430358,10.44167290997115,1,4,18.539449690080424,1
1.8845072482324334,69.8461638100798,7.664680426454609,8.80368334430326,0,5,11.5535063718212,1
,56.63578770215302,5.684099293095846,18.528205437594064,0,2,12.981982736736663,1
,78.3770424130779,5.241955470630561,,0,10,20.0,1
11.445528600926623,84.47324845686329,7.099435770675875,14.50113157121076,1,1,16.21522409904052,1
4.684754866904658,90.02933495545415,4.033034794962525,19.616789744609108,0,7,19.074268383250786,1
16.145054541589325,60.007512212240506,4.045984195895352,8.798776734970675,0,10,13.173533590186151,1
23.329813039859715,58.37412911295349,5.314412854611147,15.779816089425147,0,1,20.0,1
7.2588097974084524,55.228392016720015,4.220328175004926,8.889265070898405,0,8,11.3463384601135,1
19.063823798751006,81.82151247718184,4.6481545247841485,12.505627141598005,0,3,19.878283822091923,1
3.475076484819272,85.32378632434506,6.03316389603251,17.645774542321362,0,10,15.454113745330623,1
2.4987699138896233,51.5793072412821,8.815514077478877,13.201666793067613,0,6,12.412972451362181,1
16.40928431547629,,7.4322918602158055,19.966188246835404,1,7,20.0,1
16.67841852669309,,7.076006355738499,14.708711419359226,1,10,14.029088981526062,1
19.48546714344799,77.06481676505352,5.76093293924873,11.853945831631442,0,1,17.935556072359955,1
22.056648677957185,,9.590522316596898,10.641335910857038,1,6,20.0,1
29.299710304413505,93.54845618730428,6.38209024742315,12.206246411433941,0,7,20.0,1
15.972710100734664,85.70434660662139,4.522556600774629,,0,6,17.781944801568642,1
10.365737715296133,,7.702399096706808,8.82456413268753,1,4,12.844438741511409,1
24.060399648292407,66.97250962714031,4.683030360859608,12.434890393121279,1,1,17.64059024710432,1
8.854135286600153,90.7412556873256,6.0713388568101525,13.570862236870699,1,9,15.04900004340919,1
,54.00574231923376,7.044471632306854,16.672853026865656,0,4,13.421254793158425,1
3.2752350589257127,94.74083280302638,9.245335148111055,15.880753816659295,1,7,17.987342019892026,1
1.735171559048268,77.37961880768681,6.9612794820407125,16.50518786274985,0,7,14.95416958815335,1
,90.86488849812469,8.213552596189984,8.100364182522284,1,2,20.0,1
25.243423494853968,72.615914225915,9.956901033994422,10.612008794966432,1,1,17.58295914083782,1
21.18325197671724,82.17888475982625,4.78893471938789,15.940211460798277,0,8,20.0,1
12.859635388013826,76.32013304680567,5.648389153117117,13.807872418156965,1,8,14.92179136072713,1
6.025535282054528,86.5794760877666,6.367456453585879,8.063761708020152,0,7,12.798802834851715,1
5.5366742374614955,54.08149910152948,6.530969071232988,17.653935709181866,0,8,13.797561522165264,1
8.257044046773265,53.01760419952819,6.466126451593275,17.273714879484046,0,3,14.126378634060947,1
16.927573276477496,62.355161700507324,9.445666015339329,,0,2,17.226511081286336,1
21.72328175830181,,8.284195866801138,8.797559909315265,1,7,17.29114623665967,1
20.145723924814206,93.58917832961009,,17.198180594391015,1,8,20.0,1
9.118083011432342,60.960699367902215,,15.004563052776367,0,1,13.679318185193523,1
28.691093139232628,98.79326279095656,8.94274230532777,17.38351972589551,1,10,20.0,1
22.399010584177287,66.84478958855534,9.730363068909934,17.020963908750083,1,9,20.0,1
17.07626752283062,59.10589578443496,8.927189695301358,17.636024863494043,0,4,19.64148454183456,1
18.739901640796216,89.48492535712396,4.009390631148838,14.216096796855497,1,4,19.26516671971223,1
13.168401810405907,,7.818408221100443,9.68389421832218,0,3,17.179863790155384,1
8.184198695533567,74.90978582265694,4.306812288652605,16.053889680556264,1,6,16.864513826929823,1
11.323207680886586,77.76817754688156,5.545643322002331,15.445685420623647,0,1,15.753070556895198,1
22.977537203466703,85.96008891361319,,16.907038246389046,0,6,20.0,1
1.4174111702629202,61.422737066564935,7.622772717696327,10.038572072608824,0,2,10.810240699427602,1
4.366106574700571,99.8166958028371,8.119539480955641,10.339702398803471,1,9,12.815296602725482,1
2.3340766186308297,98.73965810733915,4.686925828395431,18.68491420663194,0,2,17.607374137908888,1
2.181135267250134,82.51628431734684,6.303033298269877,,0,7,15.765648756857123,1
25.80835693631921,59.97712254645725,6.737419053733252,18.898741864403874,0,1,20.0,1
21.406077922020685,84.01141212156458,,17.10458385396705,1,7,20.0,1
14.75104104353243,53.60992044895879,,,0,5,17.749352562726216,1
3.837190658879043,51.532625110290304,6.513686741124852,15.849592844334484,0,8,12.07052160805727,1
15.256860378388138,62.884144425560685,8.507068286850508,18.669535087280117,0,4,17.594948308953942,1
14.730681352636404,,4.426045987199533,14.945681054143286,0,10,17.51373960109084,1
6.02285422739044,93.41362527041903,4.4810800844914205,15.588695891940649,1,7,17.083576303325273,1
13.581697827901218,86.3584534883154,,,1,6,15.772690093316308,1
12.55663729752383,87.13532605999904,9.65035426971355,13.687054641393232,0,5,12.392150737829411,1
18.859652843514276,71.27466672240377,8.011435880337483,16.59676534349719,0,4,20.0,1
,67.29674962734815,8.072019740035389,11.251312379796385,1,7,17.056141622869085,1
2.313816283389291,68.55193814923014,6.17151994502719,10.42705016629442,0,5,11.452693598563954,1
11.863765824167665,99.3824781868029,,11.765921698692987,1,5,18.691499940485713,1
,52.005459570624126,4.06078710416646,10.898007535914001,1,1,15.184643615340736,1
15.590951498822543,93.35157480612243,7.816576278457253,10.57895164443675,1,2,17.598549821065532,1
25.838205394461347,78.93377042861967,,13.098210114417043,0,5,19.375653727379266,1
20.102115316949405,71.93077095947953,7.675440810068915,18.89406216660241,0,3,18.023417392930195,1
5.725098385361461,,9.24219156079807,14.084715760864619,1,2,13.94613572709838,1
3.0464936746124653,74.33344707123514,8.343838332796562,10.255044569783877,0,4,10.774299537355585,1
19.630159067983154,93.67116190408302,4.723350498422142,8.923660032570488,1,4,19.802011160892896,1
,95.03509320056293,9.414719843715051,16.353873741655104,0,4,17.662641938577035,1
17.987491856930436,71.08604634367276,4.398663066134649,12.593585173236654,1,4,16.21958760404091,1
28.26667700132377,63.841389861752575,7.203804835286583,17.86197135902431,0,3,18.013449419526022,1
17.68875115840049,79.61751642966811,4.852822742760746,15.914129223689242,0,7,19.64770975921547,1
12.256927859989135,95.61816728083454,4.070239664385424,17.554897406496423,0,9,19.62854072518979,1
19.655358334828243,60.53310945028333,,11.263352473021385,1,5,15.785865704635162,1
14.289333824253982,81.14832917817414,5.770244245924937,16.308307069532695,1,4,20.0,1
16.822886890162113,81.57801100462603,,11.168743816324625,0,2,17.88014363225037,1
28.30247945451923,86.65565112076405,,19.2688217534035,0,2,20.0,1
12.196976496222453,56.57838425636299,4.262434433853684,15.636491378400493,1,5,13.761908374924658,1
28.87452635089351,,,,0,7,20.0,1
,,7.351854378702552,11.234142347507271,0,10,20.0,1
,58.984155443512094,,10.291119020859721,0,10,11.909649589320553,1
3.011477725379798,61.87716624619388,8.375040925296688,16.335691506724736,0,9,15.16464961152617,1
3.922562039945373,98.56975470208198,,10.624587355975127,0,7,13.213905407182686,1
1.5284329438949422,59.04884763547449,,,0,5,12.552539475381332,1
3.7388458619219236,92.71925466847895,8.154956960015351,11.175620323104289,0,10,16.236402328670273,1
20.80719642907435,74.61389282240174,6.579586464340888,15.943627337526422,0,10,19.95171814224588,1
3.0644708053466405,62.36155372015885,8.037799734366594,17.77927674248647,0,10,15.349578653290946,1
10.250293278519077,93.53749506362557,5.652287045532511,17.336302917735836,0,6,18.93244991883942,1
25.501384018114184,72.26526275013327,5.837880992669276,17.13021597116938,0,3,20.0,1
1.6748861363389502,75.74086769648451,8.73391095952476,10.252668868307024,1,5,12.838797556386211,1
24.619585995079138,67.96166846998828,,9.060619363814224,0,8,16.948286733653557,1
9.173788468428597,79.64754257174637,8.790282043110114,16.387385941848628,0,1,20.0,1
4.426780001028032,58.17619362925114,8.93453424200967,12.420166565532217,0,1,12.980090259944294,1
21.20537779556037,69.55407683258804,9.145374025967703,13.188154716840167,0,7,20.0,1
19.239342556616634,98.47061611676438,9.499811415047244,8.373789113520694,0,5,20.0,1
26.446688392284535,62.90667163505638,,11.11491739130059,0,5,19.161574541636355,1
22.317060270312687,82.8368332270646,5.913200909926833,8.404116846493569,1,1,20.0,1
24.30094698116061,66.25950321123474,7.493192479564684,18.550229271214974,0,9,20.0,1
,,6.227034540625765,10.920760198622366,1,1,14.894707564490773,1
6.145746769611962,56.54368303591749,,14.688046034876097,0,5,13.395539595770222,1
22.767827797584893,,8.233515175862948,8.467751847933565,0,10,18.557303935218922,1
24.398207438750656,72.68947706918196,8.13043011095282,16.002168695667898,0,9,17.83672092464585,1
29.724649118019524,,6.247317322120728,11.876328149049126,0,4,18.56936494716929,1
12.965912630431369,53.67483736650063,5.001161210192517,18.77503024349199,0,8,16.87659192263258,1
11.788524487990712,58.48789525437704,6.583176030773245,18.657418267208428,1,6,18.441201356950412,1
23.51597586151791,75.98869742780089,4.855564864491452,11.903487420340973,0,3,18.13177866250732,1
10.883302667337517,66.85015882156432,9.34058221110285,18.811530748285612,1,4,18.98986266196266,1
27.991962442503375,91.44416829413046,6.0752647644271445,19.953892081985344,1,2,20.0,1
,71.5443761830903,4.926758483339943,17.904987969487376,0,1,20.0,1
,62.435713629381496,4.152686559434505,18.13845617306275,0,8,19.704936775420585,1
22.775260965953425,,7.874934317718905,10.988104833309079,0,1,19.384976686073554,1
22.88174334845579,85.33886084427229,7.821413904728459,14.920428786293076,0,1,20.0,1
3.9905921962420456,,6.04362499948775,8.807070967608414,0,4,10.90813557028247,1
27.174034293707432,58.380960814415886,,9.139015241860037,0,10,15.836307590220764,1
15.652318800987857,51.83357134667715,6.457773369371392,19.986711344399488,0,10,17.377465119863135,1
24.967266517124507,86.82010075328202,,11.91967099311093,0,6,20.0,1
10.281438429887741,83.19022638109026,8.062723838410056,16.978206944586155,1,9,20.0,1
26.970173626389816,73.7315437874907,7.634675496716142,17.679980636321798,1,1,20.0,1
12.28684868329073,92.20852244845986,6.18756236918524,18.296279252086748,1,7,20.0,1
1.3142918929286524,90.28350764750266,5.30735532552994,,0,10,17.22428255267165,1
27.256077316158645,79.2677182198376,9.92821579693355,,0,5,18.796943772613805,1
3.647313626797873,93.41356402566294,6.724009727176689,8.484209922316396,0,8,11.891782385330627,1
10.260095490122032,60.292060501838414,8.129645414681423,12.934298215935032,0,7,14.690677959100773,1
28.551797044473343,55.5959809698864,4.843317805470164,9.560968037947363,0,4,15.928710205406798,1
28.567607261189128,63.48748057584948,6.913538197956386,8.269110669944661,1,4,17.386489186279903,1
,52.854342804465745,,12.325121925697832,1,6,15.129538086081599,1
19.32327915292418,76.5584764000516,7.0327307074627,17.404859012902836,0,6,20.0,1
14.004920137371274,96.83028461474808,9.784104442706214,14.79416829470085,0,9,20.0,1
9.503112379243872,51.967177033425486,6.305240277914802,11.753335870524248,0,5,11.784497180146973,1
10.531271815727562,56.105495700501336,4.233976075449469,15.852104065912636,0,8,14.791747985802076,1
20.503035226234115,72.60995141417176,,10.784218163705729,0,5,15.332515624506085,1
22.81886135369272,96.69375087639524,6.327920559681217,8.17257735286502,0,2,16.725421165027765,1
23.955792268049606,65.80780524883752,4.960149618779164,,0,6,18.792835788804556,1
,75.36174043441963,4.1401125779691155,,1,9,20.0,1
3.6449769884120204,52.0786429525196,8.53728168370106,17.14763149401152,0,3,14.330531072712365,1
15.338188836374863,57.41716004810444,6.751138053291344,8.467256200251988,1,1,14.30522952971862,1
2.6692040404826844,99.33150614794235,5.735468631835927,18.045435533967826,0,1,15.765649310595307,1
16.93633758738833,98.25593482180227,9.400499098098884,15.434314400435639,0,3,20.0,1
13.804384539827934,50.24699904672048,4.696833761203154,14.760744208551682,0,10,13.78358140777317,1
26.743421299990693,97.59058927116195,9.735512973731915,,0,5,20.0,1
11.176535364010283,,5.883800304264117,18.373198962420368,0,3,18.55425954830056,1
4.39494347640057,,9.330422033852088,15.043238078706885,1,9,15.172434461959293,1
5.14675877953224,,7.617657258876769,14.971404558658152,1,8,15.330113947340042,1
,,8.960244158448925,19.88814988478919,0,3,20.0,1
18.92832383617157,74.44232901284602,9.904078979262785,17.080762004822816,0,9,18.86180020542578,1
3.932557607560917,83.34321287730522,5.730432626912474,13.307525665413623,1,6,15.293516423613045,1
3.4390973773349254,56.98256273781564,9.766812912445559,16.488764000395133,0,7,15.011919139635875,1
21.32810481231448,51.4986794936339,6.336891369414522,12.670765660301463,0,4,18.758696822863186,1
3.1101271845616125,65.39649707955954,,10.746505549801988,0,4,12.507283318160022,1
,85.23403813683234,6.042322625527034,15.162222522653114,1,2,20.0,1
,60.09267260614742,7.248445644085511,19.13818517736742,1,5,19.74864033678676,1
,83.67162166624587,4.924870259070922,19.149674240185554,0,8,18.579335597586077,1
3.460293708470566,98.49560230536352,7.322268912148067,12.102863337265884,1,7,14.123266500974196,1
,54.69503578947092,,14.33212959466034,1,7,20.0,1
11.85385307692749,83.63010591125632,8.571410875629219,,0,6,15.703611726068008,1
11.748622264939836,,9.001899771625514,19.947573313986602,0,3,20.0,1
24.571187450467576,93.40711271887527,,19.77341489441523,0,5,20.0,1
28.470208744131902,58.857489472369295,,15.794107156489368,1,1,20.0,1
29.594030850863255,,5.556009383902567,17.65296871612968,0,7,20.0,1
22.847967372509306,91.90576448240552,5.167743020229231,16.5812019354044,1,9,20.0,1
11.911527980396556,,4.3458854931941495,15.117898628473618,0,1,20.0,1
3.421520784261394,84.16240141448229,6.05468787300828,,1,2,12.301252255522567,1
23.537260561895668,74.85873820042136,5.6214861527846995,13.457172110631934,0,3,20.0,1
17.193723242338347,80.8923620100607,9.798504315198445,16.097435626008927,0,3,20.0,1
13.302438268162312,93.44524922393592,7.346252957500264,16.130379366604217,1,8,17.742373762663597,1
27.284277167747344,78.53048733194149,6.083662234183045,12.477471421068604,1,7,20.0,1
4.224726986878389,51.519352984841845,7.4828056059621755,19.300303839896365,1,6,14.92129679804528,1
15.286128024434916,96.54743477534889,4.835180208074173,10.008284386841371,0,10,20.0,1
1.329255698255153,84.47633755157806,,14.004313354586728,1,10,13.374655254514186,1
14.591158617829661,,7.757405928526383,16.290607718609873,0,4,19.284731730818418,1
2.632794994773283,60.78375761988586,6.933386990754708,16.36562967070171,0,9,13.7220686927086,1
4.445719571774086,82.94427351163286,,15.783667481225788,0,1,17.049804990986182,1
4.4082611565360414,69.69322028270793,9.963090333398188,,0,2,13.456859193542034,1
19.827098761365843,82.5616488520746,9.281888572893562,9.874478824239464,0,4,16.294753395094585,1
22.635301498697274,55.32965151539953,7.74043574895664,,1,3,19.012635219209816,1
17.91769418781763,82.89226523015179,7.416264167093697,15.191625393673252,0,1,20.0,1
28.903003905761715,99.97068628853333,7.723962878947504,10.152272123470892,1,5,20.0,1
11.871246806187418,52.4106019430278,,16.46166974684676,0,7,17.84417255170261,1
9.285650502173961,98.85870921106587,,13.462063900803876,0,2,19.620983698022545,1
26.18937471749435,70.34539803614354,4.236757197345396,,0,5,20.0,1
7.484279317064127,93.53767251686295,,18.048404957241807,1,6,19.283366021179315,1
28.933453643777728,89.11927420291367,7.258147503745979,10.036741142923077,1,7,20.0,1
1.352479766004674,78.3508130493334,5.366498416619257,8.22973841596204,1,1,11.915997236081619,1
29.126485974521533,86.92246046256633,9.784173082993082,17.34923103674944,1,7,20.0,1
2.2516374465667073,,9.456727665623452,15.316369101831391,0,4,17.307909151312966,1
26.843150297244062,70.20701608255165,8.332859412735434,16.39567483546546,0,8,20.0,1
16.303332163502695,66.35165807816193,7.2003197725921755,18.057859699863712,1,4,20.0,1
29.79597908745971,83.37966927817924,9.21981495788611,17.633731217894006,0,6,20.0,1
3.1401003773265668,90.39229709706294,4.783914062940777,19.531041763145897,0,9,19.01075870803836,1
17.061774247638304,88.11425673883079,8.743058765649309,14.43122094622542,0,5,20.0,1
29.10977353295387,89.89068244293173,4.74892488380109,13.861947591918865,0,4,20.0,1
16.169837480934316,71.77916574064665,8.765263975296433,12.82264639868876,0,8,15.48846041111322,1
19.252560505922613,90.89171080875107,5.654605409508141,9.844292514130455,0,9,20.0,1
21.176711980553897,56.01045276853042,9.262543486109134,,0,4,18.2076665539283,1
14.181690878265425,77.22445489804248,9.664252562952388,11.324150291911746,0,3,17.72658697895119,1
19.19918432243784,50.28793302490608,4.892775816430694,19.055690146555705,0,8,18.24664275958827,1
17.945115045769906,66.22929149501351,6.7760536303923615,14.998289651325171,0,5,20.0,1
27.13358230423868,68.32307674356989,9.885924268976112,15.114082166097322,1,2,17.842503153758,1
2.3179450299022784,69.80863458046277,6.90044461583888,12.25909593052412,0,10,13.14415166615221,1
9.14793249817468,84.7733603344931,9.181285135087272,8.62387222373249,0,9,16.683888898022108,1
28.561933038220204,69.42790506351729,7.5323891327879196,,1,3,19.021749058852233,1
26.817649732836575,,6.251979447517611,13.08002172983837,0,2,20.0,1
14.214045830785675,61.87720654371637,5.714701333155221,9.014784537166854,0,1,13.406830499623569,1
18.983845336244567,68.662589581467,5.219338546516523,15.28216346648167,1,8,18.705310707412664,1
9.044054306452848,61.363481363157575,8.570789148266183,18.571676067675888,0,3,13.770449935617508,1
6.455513631989078,53.659796188422185,,18.594977798224665,1,7,13.66297782879927,1
,80.17242966906889,7.067652773204507,15.908544921586788,1,1,17.53470436786611,1
11.247214612755531,83.41063992775082,6.953952880007091,,1,1,16.932827154215758,1
17.92602724367529,80.97451730048073,7.463674175398787,18.355961976306464,0,9,19.960590054741644,1
3.25430447198456,73.17470219002863,,18.633121223758497,0,8,14.933296725191898,1
29.257449422318828,68.98928900896149,,10.359843019435505,0,3,19.25321589493829,1
29.600111589908483,93.16668247859127,6.445505251442902,16.849113029248127,0,6,20.0,1
21.24668970657261,75.9540892568109,8.965113532637819,,0,3,18.94824307639561,1
16.54679462397949,73.95909388148655,8.587166767928306,17.631683748235154,0,4,19.979068478785926,1
9.976300872303504,51.282103290321785,7.441173708733439,19.966854798843233,0,1,17.345370379843164,1
24.60005557150151,67.06239138130782,,8.360312063952714,0,5,18.409505758594236,1
20.8572040040625,69.00978093929285,5.2028470931704165,18.76839038949118,0,1,20.0,1
5.715891241001848,69.94113904484502,4.655585261857729,15.471566403183896,0,1,14.40405533706245,1
27.416888350321432,79.00861846136661,9.123771801732532,19.680591429977852,1,10,20.0,1
24.8535800447719,76.68012733634393,6.63489889980249,13.58011421031713,0,7,19.249315927670132,1
28.544197485465798,80.39525463967223,,18.168655166856485,0,6,20.0,1
22.04586574326244,88.2441630771064,9.35854123117249,8.748728823179327,1,2,19.22905967448,1
18.789040682137905,90.64928693580467,4.374745561714429,12.02334860093955,0,2,18.43185627742754,1
13.129048052427947,,9.300788577916364,8.80419845301452,0,7,18.253495378100602,1
28.049126017266385,97.77618479774674,6.689914332216533,19.704117601748848,0,1,20.0,1
26.11585279551184,50.91162913381808,7.062594934025393,,1,2,20.0,1
2.311341433079493,59.788899284177305,7.759555066559262,18.230569054951644,0,8,14.822170562178988,1
1.7646422604203083,50.37814374890711,9.558295640380521,19.25558277720673,0,6,12.103585512191929,1
11.917437639463438,82.37373570773015,4.114696566578584,,0,2,15.32803231311429,1
24.506046592673155,94.90152744749935,6.861060809906903,12.62717111016,1,7,19.382656654939307,1
29.63100775013339,62.174114828814965,8.126332254583364,8.852418668528026,0,4,18.93331930793065,1
,96.35172723981533,8.336241746189371,,0,2,14.426953952254388,1
18.22979074521192,53.01336951447804,8.155194589222647,10.752389324452068,1,6,13.401042892469317,1
12.045834842299623,96.72180134027572,4.806610776448731,13.629286532570944,0,9,20.0,1
29.127517536623493,67.58113436198173,5.796373530230087,11.22274600944371,1,9,20.0,1
25.42144877093555,55.07104142246082,6.1522931525020805,9.211737281813132,0,8,18.322792154395692,1
25.311532436622997,,,10.009893069129292,1,3,20.0,1
14.592101634054139,62.8388283860254,5.672559234487318,9.767306762625092,0,3,12.716102467680143,1
13.02976556779229,64.24364509809614,5.264229783203219,19.676921574947578,1,2,17.603343570916078,1
8.928805085990481,65.36449824631433,9.744688114228577,17.111510083021685,1,5,15.550439921432421,1
,90.15129489163317,4.053179710680814,19.613137583234746,0,4,15.086245732171886,1
26.076948911396542,76.95806383376272,9.98692513409187,13.276885838094902,0,7,19.994143749767208,1
24.57412926477225,65.56538495780018,8.060927793144373,11.340421779951878,0,4,17.645799023766877,1
29.99181252529779,80.51668916554593,8.970815796694701,17.57951836651024,0,9,20.0,1
29.902468275143256,85.80753371115968,5.767716378077159,11.915047016493762,0,2,20.0,1
17.107519462476198,63.63120003667669,4.08589166600236,11.59260048446418,0,6,16.101071621289094,1
23.300635040234805,70.67745507626758,8.427217111369181,10.790071906493974,0,7,18.56373646414929,1
28.398206166590413,56.09430466684738,9.004867582004055,9.556147738690825,0,4,17.576036002991977,1
25.639774329644933,59.05746747673402,8.442856791721114,11.077556732201192,0,6,19.135271059527973,1
8.173094950552732,84.05589269824914,4.857101723805032,12.263836981686651,1,7,14.152176734696727,1
14.065779923992713,59.071917384781344,8.520567533541815,16.087930497748765,0,4,19.406154157506364,1
4.7456230393933545,76.258169183353,8.613536692645846,8.750778106633419,0,8,12.363576261606447,1
28.66747979050295,85.45231308612163,7.951243094020329,10.526083275984115,0,9,20.0,1
18.57906439907552,55.34384615473719,,,0,1,19.64647301909212,1
7.630641359600419,,9.075528638066393,9.76306308300525,0,7,12.694594851159463,1
20.479319847769844,62.82813918506819,7.681624685424751,12.11174175827026,0,9,18.350183050728877,1
18.92571897327898,98.146343761879,,18.37590706229768,0,10,20.0,1
11.386718822952375,74.17728233599624,6.925766858003265,9.859103733721312,1,5,14.415371215369348,1
4.293170173789242,90.2996274887579,4.46589600802963,8.992842027418279,0,2,16.99431303159968,1
20.47562267219119,77.51132710781309,6.445258186194585,13.81445594096013,1,10,20.0,1
16.088923326210008,52.170626642740956,6.442638934753766,11.629034135342437,1,6,15.680394705770716,1
23.39723336033354,81.65756877970111,4.39605906484145,14.76090037380625,1,7,20.0,1
,97.57016711033285,6.092923203816876,17.645658685801703,1,2,20.0,1
25.713263509237663,80.08059100731656,4.665988592747889,9.645781857832919,0,2,19.97310937624569,1
17.00529832446008,90.95944297133951,8.849411260055334,14.96838901465142,0,10,20.0,1
17.267201174526203,,9.686128155786825,,1,10,20.0,1
26.422954477092006,61.40398859744663,4.433898851547632,9.728945432158394,0,1,16.216146761193464,1
12.701003120159514,,,15.487981826347788,0,4,13.471464266679131,1
4.886441625068581,80.54904944254959,,11.28368501432926,1,7,13.947980556898381,1
1.8346976130868302,70.55142349033524,5.797394067723244,,1,9,10.516919325841762,1
22.89898041453495,,4.4611724516569815,8.987267891324743,1,3,19.192915150762055,1
18.988976989250475,95.00115616990055,7.003745608422507,13.515008686563476,1,7,20.0,1
21.418313274877484,67.6710689651359,8.767093266944492,11.677561616513843,1,7,17.450167376499685,1
7.175960683758412,61.8435279487241,8.24251886360019,17.86857453422425,0,7,15.272181241534097,1
4.954772792016323,89.0262757621931,4.301356068783843,8.68374472396842,1,2,12.360057532980186,1
1.421795304368576,63.740301777406806,4.437411012207421,13.023287299019959,0,6,13.192099004615653,1
11.167039205391312,91.13071592568392,6.417239695795823,13.501177089577256,0,2,16.268459139333178,1
18.10761291878436,,,16.700072915589423,1,6,16.07665171353234,1
12.375077307892237,83.37749496457351,5.394305938336287,,0,10,17.695844890458208,1
13.686772738688143,54.77676569173341,5.686026993452281,16.006548046330174,0,3,17.358857496691787,1
27.220602140318704,81.19296623382866,8.820896459781308,17.324591427821073,0,2,20.0,1
11.09940854367571,72.58838393686145,9.575368321791125,18.346435683898264,1,6,16.18003970772781,1
15.905695185634514,79.3304231587737,6.4306161671653985,11.766505960669646,0,2,17.564279706945086,1
23.72593736949315,58.40071038724317,9.436666012794984,14.456272464366835,1,5,19.39781679247152,1
12.499740687316834,86.8436872472091,5.9289742074872915,18.0812969412704,0,2,19.80228474470251,1
,93.13985387716143,6.85862191806275,19.873413571580677,1,3,20.0,1
26.00854755365561,60.836990004538784,5.356173986895998,18.674231732525158,1,3,20.0,1
,54.78572777600809,7.842856253055064,12.457607151492521,0,6,16.414804709789088,1
5.2651309469421,51.18192930231682,9.873886691048853,10.341998206623805,0,6,9.493598410819963,0
27.871041129683338,82.0985750221633,7.620958576260271,13.872710448879065,0,10,20.0,1
15.271372499306608,80.35470180443903,6.146884504681293,16.899697422032506,1,3,20.0,1
8.489087260669791,77.33487063570351,7.88690467594317,,1,3,16.9125923628697,1
,61.59735480579877,4.737524070792325,13.798170359764022,1,1,16.251172255229385,1
29.420944683278833,69.54529979527574,9.331954481592392,18.058765052981606,0,7,20.0,1
15.285924725793219,79.72381675930865,7.018503704679018,,1,8,18.609118916613504,1
10.533796698337738,74.83834294295846,6.696098452237853,18.317536097739747,1,2,20.0,1
19.368624775185047,99.38927601074437,7.515188730721115,12.881657611420682,1,4,20.0,1
7.964222944567599,56.821987627836656,7.748703176736415,11.938797268140073,1,10,12.79421842865464,1
3.2000365151512535,84.75722770237968,4.430654837359079,,0,7,15.762462346317824,1
4.737511935408827,70.21593840521462,8.095703327340415,17.14936350409842,0,8,15.711966994162513,1
4.713329329775401,71.40998074628074,5.451590081893178,9.512024334367931,1,1,13.748920957767474,1
,85.87988828290881,8.283715795039539,10.357030590464209,1,4,15.707882960722955,1
5.025988006832894,84.62180756621848,8.93520876630518,19.417337907957105,0,6,17.405314016939066,1
19.585367599293225,99.56279968510941,8.823751045315122,10.105899528576288,0,3,18.883287985403257,1
6.2745224475752,56.41971447270626,7.315005804447335,14.812727815172655,0,5,12.849684896582982,1
11.024351216392033,55.20548246920832,7.121019353864507,14.951773599943255,0,10,15.612338554323147,1
27.006863887274342,86.21694085643705,4.85725576803647,13.875493544602937,0,9,20.0,1
14.744887567623298,78.91934585032045,8.652076902418813,15.736942982921823,1,3,17.484383621257027,1
20.359174417109788,63.70803332799029,5.628456282680286,10.75792070957142,1,5,16.780293884880727,1
5.997276264847265,53.97096844944933,6.980172536907679,14.631947213320979,0,8,14.710244005730932,1
6.5763815454514525,54.282912479821526,5.7056445575651,12.466079062962766,0,6,12.590299437503791,1
2.185189871727887,94.70954373320592,4.802970177998159,15.94000711555027,0,4,16.088187187058423,1
,59.59336623593715,7.77734618135042,9.694682520477794,0,8,12.087592369932812,1
9.0791198319268,66.16857810577604,,14.850529002073715,1,3,15.406864174559932,1
6.133304044025658,61.3328201113494,8.4918714047572,10.223244264599884,1,3,9.162115368668076,0
3.5723734789546127,67.74981529159686,5.9055207715666995,11.343716757380436,0,4,13.429318990326983,1
4.498440261917423,53.47119213730467,4.000808158026912,10.624517603883,1,9,11.557645993779557,1
14.362584272949046,75.95298954541352,7.066774835423379,10.194053358425805,1,5,16.005953278215006,1
6.983677833767983,53.380628179610746,4.281111451165619,17.908531418728003,1,8,16.19011378666705,1
11.563825970394188,90.01782539111808,5.657017346925397,11.428490811930685,0,6,18.861825701377633,1
15.59910085479085,61.685604095521654,8.241858924734297,19.12548538237339,1,3,19.696637811149106,1
,77.00059573022553,4.376137729731195,19.63911830414229,0,8,20.0,1
2.140052055391869,94.0039543780729,9.036030954136013,14.855125639245168,0,9,14.760894644182478,1
24.182901568362237,82.5438684523597,4.022919535951498,9.716013471988717,0,8,20.0,1
19.209111295236326,76.64788932756676,5.480943215211413,12.494578920554975,0,4,15.609517999131763,1
3.3710119265172853,66.21668765576878,8.445424336912428,17.572787160178567,0,6,14.43881593486032,1
26.33378009909654,66.6500956529099,5.897620898375841,12.408688744364845,0,1,20.0,1
27.705299615422582,83.4743477599095,4.611354328396081,9.044206619633465,0,4,17.651095705299852,1
2.7712608357910486,99.70696806105838,6.1614035128025675,14.681418931138255,1,8,17.026157487573904,1
9.029451796268908,83.09195949246893,5.622359718307154,18.141450217952418,1,1,19.706255190187463,1
24.37983711399878,77.88917086850125,9.05627141296333,17.55111664572203,0,3,19.894950774183357,1
22.69953102112609,86.5325255119623,5.880087505510859,10.101477681564239,1,1,20.0,1
6.351109561334942,,8.733594830656044,16.0731753729496,1,9,14.14588596485055,1
7.071130376764598,53.00711713003926,9.351232868864408,10.646051161227765,1,2,12.542575660239958,1
11.743690980950078,78.1148407938955,6.602904517459177,10.618490414626066,0,9,15.45659289698705,1
15.051166570539618,97.881264225269,9.459658863126352,18.488861279662224,1,4,20.0,1
,,,10.996027432882762,1,2,14.028499493743745,1
11.6984955475234,84.50024454103328,9.78447049894065,11.158968158216133,1,4,18.31386982517639,1
14.41350676786129,60.04668443295282,4.535737147153437,,0,10,14.020681944333258,1
22.67665720587894,,8.122115599019455,18.44802840950621,0,6,20.0,1
2.063812883827339,,6.962884242741572,17.511137758509616,1,7,11.220855385917107,1
8.320671385976603,72.51854681290925,6.325892832733882,15.527947221088136,0,3,15.68738303470112,1
21.68713799065202,87.8081664447623,7.796271272491605,17.003189167266108,0,3,20.0,1
26.96099829292878,67.37857621194911,8.223142549805987,,0,10,18.846564953653495,1
15.838645821354318,,4.026179617901855,13.499883135050904,1,8,19.476283639871376,1
16.431291072694155,89.77249803948646,5.001718532483192,12.21463264818537,1,5,18.501612372145228,1
4.107988328853505,96.35889097397263,8.278276303805912,9.125318315084197,0,4,17.701451991538022,1
13.974958637880185,61.73210409277267,7.998312481469239,13.83356582257909,1,7,15.95888781295523,1
16.44590072719567,69.9657957904654,9.796285030772063,19.048875804111624,0,7,15.223668465206389,1
8.031644605407159,57.62080066652087,8.566226741504698,8.480709428608334,1,9,11.690158732226624,1
8.80805369753205,99.62417510791876,9.704636246388027,11.497530961925527,1,9,19.096041982120976,1
11.941240730034057,96.35004839621476,8.21524300920884,,1,5,16.02861439964327,1
1.5820647355540647,76.99785651402797,,10.857759843988356,1,8,11.037376225907506,1
10.34029580191217,92.10166471882107,4.632189533505139,18.9012146225525,0,10,18.612156501967373,1
7.131992202899795,76.04789886360211,,13.616828650811481,1,1,13.57640379258905,1
10.497423213159525,81.17928440013799,7.8648953288554955,13.595592955277827,0,9,15.986290015513795,1
4.473101822758285,54.456221605800835,4.289116074359777,17.12690770946339,1,8,15.002261630716756,1
26.825291141456955,87.7635210248404,6.16030279540587,9.85390644805911,1,6,20.0,1
18.21418115306741,56.38567418176174,9.740798892905717,13.847184249200609,1,3,13.005319977870842,1
20.6939672551902,91.30338151262642,,13.159822569452716,0,3,20.0,1
23.88596591961281,89.1014043835193,6.596374816118228,15.162928286559874,1,8,20.0,1
15.454823768942662,,6.746197630955764,,0,5,20.0,1
3.520688354535287,51.80801902623811,5.253296344030982,17.233386728984563,0,10,15.980272600512556,1
16.576089712737886,,6.212243025188771,12.774388436209126,1,7,13.582183203658557,1
18.018392422605494,63.155628495542146,6.21887953592306,17.930636627288564,0,5,15.00973932521854,1
22.61774475134557,,4.314130121124834,10.048500359749763,1,8,20.0,1
13.518126840660702,54.382137338191924,8.60540577110751,,0,10,13.970028020171418,1
4.699828781071349,,6.499026591423274,,0,10,14.419032556875864,1
9.229501268163009,77.69011203561881,8.933079320898539,12.084938673371116,1,4,15.629235212961163,1
11.529386595560418,65.27621553290118,9.102088006719372,14.126969089514718,0,2,16.00205160160573,1
19.731599998616435,69.84907585371417,5.271964328191949,15.381549686494399,0,3,18.163726274050138,1
,72.36012702524178,7.944120893020772,,1,8,20.0,1
,80.02971666803086,6.83369082497789,,0,7,17.580532489946727,1
29.60894221499641,75.7839713848249,9.280940427528911,14.015307735508753,1,2,20.0,1
18.567469761349727,95.96959866072086,5.294444075058725,,0,6,20.0,1
7.87957696034384,74.84817414529151,8.066879201860266,8.418938631874685,1,9,15.82525066574529,1
3.9516917059917085,99.60790074116564,7.646512733516335,14.613919542996465,1,4,14.976508177603321,1
,92.57124788725478,5.771808865430996,13.258143358980135,1,9,15.669460753794436,1
8.132774123150735,60.42552571786679,4.819605421907036,18.070164739763584,0,2,16.07382118053477,1
,96.52976073219581,7.909838562863659,,1,2,12.440514897495131,1
,55.818319894273806,8.431584748793984,8.299659945404596,1,9,12.597618083999501,1
9.267759892121566,90.87248542455958,5.8937640625801,13.38846521516151,1,7,18.186277254623924,1
6.02783426354789,69.03116467382901,7.868995624133882,10.84974268102709,0,7,12.500626038927308,1
27.00619731416633,93.89871602225347,6.37078544566902,8.59537248006605,1,1,20.0,1
3.3267786241876243,93.40283450537251,8.279241299695705,16.695179442171547,1,6,18.89718914789778,1
,90.29627000588106,5.195291649364319,9.33911599948697,0,7,16.43536556818866,1
12.901507982700183,,,15.29983400009326,0,6,20.0,1
29.488979890349587,,5.724457578793478,11.37259700200267,1,6,19.541070358516716,1
4.249128162873518,54.04596415256261,,10.081952604260264,0,2,11.846109984987796,1
12.537812372326508,70.14900893825808,4.348551712482099,12.55701827503181,1,6,15.929198223904965,1
,58.67622574932543,4.669073273927658,17.617349314675444,1,4,20.0,1
26.099706650925427,84.74755444512309,7.095171416273969,12.705122922854873,1,9,20.0,1
24.695090057529118,67.30498632688928,5.605556060367829,,0,1,20.0,1
8.479181984303256,98.78051004299574,9.012881354453167,9.505835561589809,0,8,13.96495160769323,1
5.9557400343119085,82.04860386726659,4.088160331929723,17.273257035980947,1,5,15.255749460868632,1
20.390653377808498,91.12402818171805,6.274564292031617,10.843199898879783,0,1,20.0,1
,56.62623363709242,6.024073280614556,16.128717558666473,1,4,20.0,1
17.146123897403964,93.10072411363113,4.115965785505606,14.789378658091955,0,1,20.0,1
17.576767994627097,96.13785952566971,4.746210394003061,19.149736606540248,0,6,20.0,1
9.119393716148242,74.35309594094679,6.481856049511812,12.647870215703769,0,2,13.88985404273658,1
23.31529506256617,80.31264688754888,6.957187506684679,8.793982266013286,0,5,19.89107412137078,1
6.424268708168178,88.24049004514977,6.425738483529215,,1,7,12.620373089832688,1
10.386697855723067,58.741931363020626,7.185626070472563,17.922302731673035,0,2,14.13569598422956,1
13.337656719876087,75.12830382317212,7.570790049434089,14.296827651937186,0,6,16.770154459240057,1
15.720700981849195,69.93315138861566,4.059542926767014,17.30292862201939,0,6,15.579785956891335,1
8.029882240037328,57.31869960811245,6.784570956721023,10.813107200138177,0,5,10.39400020104934,0
4.3302679174369025,68.37672111457657,9.78099544532553,12.141004946158805,0,5,15.822139968976483,1
18.707981230807345,53.40861546927468,7.1141936807772925,8.361246466535828,1,3,11.9475418660964,1
9.370286043967418,51.29059534747435,8.06525360475372,19.537907894889344,0,10,13.973085934324681,1
17.855908421255755,56.758314457741136,5.871183147501299,16.01441488040976,0,10,17.54611928587474,1
5.476518742951867,98.15575557945868,8.643948268916574,19.198461053111675,0,2,19.323771422121123,1
14.953062953789708,77.47647679475085,8.63752889125669,11.185956889148867,1,7,16.356012875203266,1
16.445093543995988,98.291108057661,7.127776285924834,,0,1,17.8926035795114,1
2.5028825678503805,71.62489391650661,9.856082939675282,16.141999619511655,0,6,15.642888001267123,1
10.761524067623697,65.59080665426298,4.75330128857592,,1,6,13.847196347312837,1
4.898025631230253,,4.101685989337486,18.17731082018756,0,3,18.101715614907672,1
2.8378741437102644,71.9755844316455,8.620949270542576,,0,2,14.828069275905548,1
,55.2832342130872,8.842933224189295,18.61826141235205,0,2,20.0,1
,82.0413157345103,4.721243374723457,16.86880371127247,1,9,20.0,1
24.486358929784412,60.80190912547998,5.593496997751636,11.32957615669945,0,5,17.25751564053237,1
8.384578988149151,80.97939774489149,4.105314180199773,11.379392505267582,1,7,16.485745764199397,1
20.76357894449395,82.51005461990766,5.759851664683389,19.560323845352457,1,5,20.0,1
23.04660793680091,57.601242656432404,8.638851243512029,8.123413951228304,0,7,16.319006457779075,1
18.273523477627485,53.06748135553341,7.107763166275474,16.592599678905735,0,4,19.259186612936137,1
14.675709467954594,89.038079303422,6.0885735590097285,16.474953950663146,0,8,20.0,1
12.943386510270788,72.99002118846602,6.230435769437982,15.47227449139757,1,10,20.0,1
11.117179729746864,52.90818977527379,4.008121754292809,,0,10,17.440032346105127,1
27.95634518318695,99.74331585848836,,11.742553229164702,0,7,20.0,1
25.087962825844144,52.88902804981833,,12.079662365518978,0,10,20.0,1
28.985780409328864,84.75176144292766,9.845166662898142,,1,5,20.0,1
,99.18394626317068,9.082364961903398,13.31357763852485,0,6,14.220850183353651,1
,61.95900521079628,,11.132582314818176,1,5,16.13123507388613,1
28.211873247810097,57.11246843435981,9.391363628049035,12.12064042613173,0,7,17.465827827669717,1
6.255758918804144,56.069246971121444,8.699190479791756,18.014861483067534,0,2,15.658041372743988,1
2.9283917536365474,65.16375737837978,8.682256741425881,19.225814162329947,0,5,15.941955984086105,1
22.492498829411712,55.052290550532334,6.747974554021429,10.228796864062227,0,10,17.189675348094887,1
17.659720282217446,,6.388031757727017,12.470107178641591,0,3,16.301901475344103,1
25.41303452598989,,,19.143566745384728,0,9,19.6356587266936,1
5.053398922162396,75.47110640748949,4.394169153726194,8.74170152827067,1,6,12.33588304662047,1
24.062752043936815,99.83484269264883,5.369412180962195,9.108326337336543,1,10,18.112759593399463,1
6.847192281384592,90.69851347530094,5.4796218098681475,9.953491870474753,1,3,13.797664130298537,1
5.74602234310543,80.76097191155054,6.904462418261209,15.142554009522497,0,7,17.89157606314428,1
5.763708139998795,65.31268103933058,8.484666439580163,9.80566725207197,0,4,9.851533449807103,0
24.622666886710082,,6.842858970387679,,0,3,20.0,1
20.290719400189804,76.35207319558258,4.347066696682964,13.360574327102244,1,8,20.0,1
16.16889731830446,71.30416919451858,9.746738805929223,14.018215524201997,1,4,17.152266494917274,1
11.406084039581572,56.535518837009974,9.656345914564675,10.959903389664877,0,1,12.486028952389892,1
26.43881568358014,94.33021076202334,8.71113725889045,13.651523029216802,0,6,20.0,1
12.380908115256426,72.48923244106612,,15.942963591644139,0,10,16.15877087399775,1
24.681383744675735,59.73112559103825,7.266893996801578,17.014125643448512,0,1,19.076181014966764,1
13.734912348536334,68.38796754386448,9.776610101519235,17.046416992518957,0,5,17.74203464994784,1
11.93138845332232,70.70648762644635,4.453630243700505,14.93469335232906,1,7,13.428592245892576,1
14.417713784418586,91.37689477834371,,18.852317299926288,1,6,18.8289671355279,1
9.739958350760121,86.6807190280701,5.352287608040595,17.808894167673312,0,2,18.240125201602147,1
22.68067202511128,88.46524468206698,,17.084577376383507,0,4,20.0,1
15.578891312681895,50.55156322143236,,8.667266260165528,1,2,11.993369312895997,1
7.734168159257702,,7.73448184939598,8.082535546635793,0,1,12.337618940297912,1
27.087662624962487,74.06720758176618,8.68793113448383,10.549367326345676,0,3,17.33257736399719,1
12.13284541982313,50.95961384115284,,15.962283126961427,0,3,16.519454039252274,1
16.76303297230567,62.99066043725171,,12.93436986659055,0,7,16.831847376394563,1
27.28769121797186,88.01449115610674,,12.82887511159174,0,1,20.0,1
19.102901881505773,56.855485286449955,7.815728242982371,18.615042658755364,1,9,19.59481208357622,1
4.390043180542558,76.76550657262959,6.328994236761973,18.746754177582066,0,6,16.609456537700733,1
28.255131584790778,60.76009360086188,,18.91010316864303,0,4,20.0,1
19.203533539071117,50.60603873219466,5.559429875456997,11.766536918180329,1,3,17.222760525293396,1
10.712262825055497,62.06007287997707,6.0711532509652635,16.29266975287114,0,3,16.172075758303972,1
5.03889010723823,,9.50491505879194,11.259598175292435,1,2,15.646295933828576,1
24.026730488838584,90.07685559414948,5.743027034028522,10.287317996893398,1,2,20.0,1
18.98210992192689,97.97883221605167,6.81992960894762,,0,10,19.5338043937175,1
16.470371667313323,74.39270219631813,9.340846824376088,12.10529145036313,1,5,16.958849894083095,1
26.922884908477773,55.48680993387518,8.246328101605165,13.159491437357861,0,9,19.558502584635857,1
23.869319125511392,77.39797444868465,4.3732193569882165,17.971390052660823,1,2,20.0,1
5.398571512249784,72.71886672799805,4.883818265673822,9.438693121672545,0,2,11.372748821533296,1
10.039939966070898,92.2178541369808,4.047049544631501,16.81911016873873,1,6,19.800307005157794,1
8.206185054619507,54.90412903921223,7.785530741374981,14.377458970271665,1,10,13.485392997324048,1
22.574442484607633,74.4120568510889,6.68604055246251,11.45534411211191,0,2,20.0,1
1.9724406073376022,57.50243323469921,4.805649105413654,,0,4,12.520828012376555,1
17.52680086126818,66.23379634450299,9.747604726340622,11.599304837324272,1,6,15.692199962646114,1
23.111301886480025,86.86785386938999,7.177958343673719,15.152983462859671,1,5,20.0,1
26.426203466090733,73.80090646843833,,13.20612707426293,0,1,20.0,1
10.920370712761317,68.79441425728847,7.0036214269282455,9.972866348946544,1,6,14.81516851331774,1
24.816461835488372,69.72381392850177,8.077721996410647,9.398996894668361,0,1,19.17529611596423,1
4.20832037170101,,,14.560348184865562,0,3,14.12621295158136,1
25.547116460301027,,,18.828956399433242,0,10,20.0,1
4.69717120762749,94.60423444701172,8.841792945303961,12.127492238692227,0,5,14.849536080071845,1
12.52133142625065,97.76673432519641,6.757989222415968,16.796001286671476,1,10,20.0,1
24.121565607607057,,7.279462852193769,15.903936259277204,0,5,20.0,1
5.347605393114439,65.77034478740063,,19.178658971713773,1,10,16.661101269398394,1
7.648290461746603,84.4067353043271,4.263399655858031,17.85177220758969,0,6,17.244802706104768,1
,71.8801562027696,4.994498678920936,14.799263106865556,0,10,19.05637984550576,1
21.881059559836157,62.73353110230256,6.673249832451345,15.884365978809289,0,8,19.0844048237693,1
19.59328135367362,92.04357897129613,5.255112792447567,18.78063759900842,0,5,20.0,1
21.1245048895459,51.92131744811625,4.299874171958073,12.794225415043218,0,1,16.865839641443753,1
16.73900885708029,95.08809960677118,9.061897984310942,11.92153647029333,0,5,18.32633548606094,1
8.30217270830163,73.0738732312367,9.887155174984695,8.129733003622356,0,3,12.074486847880067,1
11.025183811613664,81.86007384041402,8.758857243980437,17.91861289029757,0,4,18.889081680179,1
6.2663337872413445,82.96769611028913,9.122709530228002,17.61176840484038,0,8,17.284969589245655,1
27.345066278675223,94.75588703532682,5.451862781902272,9.253454217201817,0,7,20.0,1
17.918362048217492,81.83348410836037,9.763761853079199,14.922288573592404,1,5,20.0,1
12.624691086145557,80.69667923800309,5.1815542267205705,13.567780378002649,1,2,20.0,1
14.398168305679848,53.3326020280345,,9.424509146109337,0,6,11.22946407779974,1
28.471216848742646,,9.968915763795707,19.766818724728683,0,6,20.0,1
5.447190690366326,57.50845004085208,8.270336834476293,,0,10,11.763004033601646,1
,,9.886862390750931,8.806810161086734,1,10,14.843228099922374,1
15.670771687649513,75.61109604063373,7.417238677402622,15.138168554022915,0,6,20.0,1
18.73217282760479,84.01138896041766,,16.866400125596392,0,9,20.0,1
1.5251953308043746,52.083645030119214,6.621975313993725,,0,8,10.221361082509967,0
26.291593359380393,54.23960080229016,7.5613656122727155,15.904611664724266,0,8,17.124154336286313,1
28.03143019202476,85.81616940313411,4.43848937216209,14.387502511417454,0,1,20.0,1
17.38886232408706,53.60421679993367,7.734059587703476,9.23918010650058,1,5,12.653957002478274,1
21.202873892429874,53.56283638826293,9.887067020573767,,0,7,18.98991182991871,1
27.752482054141574,50.605423761744376,5.140645898702366,14.815691567792966,1,6,20.0,1
21.50992039508856,97.82506991497401,8.755570697730299,11.55629136215946,0,5,19.836547979959562,1
5.423632244513579,,9.447392762677715,19.259788743815793,0,8,15.713588616751021,1
17.71236244483758,,9.662209556921326,17.82488275380861,1,3,19.501001477060672,1
18.59473634510282,64.82677906438276,9.760813626432682,,0,6,20.0,1
13.299789467769195,67.48516148729247,7.128757832328832,11.116050067404968,1,5,12.582292607868098,1
22.356882833116963,88.73267655905909,,19.636683593575725,0,8,20.0,1
,83.06853055352072,8.543861242806633,13.174806437498695,0,4,20.0,1
27.841486874296514,59.259778393373395,,12.170225543765056,1,8,20.0,1
14.074341770719832,,,8.604194323632239,0,10,12.979783304522497,1
4.283903329381902,54.91978248566986,8.309987052232024,8.633183094315232,1,2,9.738517701541392,0
29.560394769907703,83.0151359850669,5.4840418949145,16.304135071359855,0,9,20.0,1
25.328044506932088,88.2186331110868,7.843691101293324,13.495147933208335,1,9,20.0,1
4.615217754894738,63.2523214162502,7.999602874279716,10.718259512433269,0,10,9.831571167975403,0
27.7044145959038,51.047248051545644,4.9761984628513956,15.36764367590279,0,10,20.0,1
26.22699449980172,54.10858337382137,7.3905118747165375,11.034297419001334,1,6,19.886404217642575,1
16.046303656656093,98.39300174225153,8.629761465871645,14.93158105213307,1,4,20.0,1
18.146987636602947,64.77223887387102,6.9933739872156515,12.310504963792283,1,4,17.223755422386326,1
12.571078412233778,88.46115739190668,4.072618700656644,17.88262671934183,1,6,20.0,1
2.5880875258389087,81.23317844271318,4.054230814475753,17.84835392920135,1,5,16.274066008609143,1
10.720720007731126,69.09698198264479,6.142176063820073,13.728204777468816,0,6,14.988579252655878,1
,60.28436310977776,9.557164410590692,12.209829312020187,0,7,18.256201728754746,1
1.134328667133483,56.06932090797032,5.372060677621652,12.350717558709135,0,7,12.97727067017194,1
10.671475979043182,80.75064840194332,7.806182133230123,17.668574308018613,0,9,18.42391985975794,1
12.546892114137355,88.7316890318894,5.332455224159924,11.938153793571344,0,8,16.408424252878355,1
16.58447248519976,82.19521267705653,5.930019937957292,10.508712484482153,0,6,17.61885108098609,1
27.675812875970053,76.51510666245792,9.088252537608904,9.016260102503683,0,6,20.0,1
11.044033836612876,52.097561171581816,,13.6003174506129,1,5,14.767473490745754,1
11.061642854990604,98.42443887971919,4.572395663879264,13.785585187038102,0,1,19.504406741391758,1
22.387536195182705,89.93570958272872,6.572212125918602,18.090904524834887,0,9,20.0,1
14.114320285804407,64.64110183504823,4.175018581871587,10.654864357352768,0,9,16.11550736202494,1
7.513539865259477,98.99851646794252,6.885340879618054,12.5718952840208,1,9,17.22537062879885,1
14.120745967848109,,7.974604070206409,17.700868866724292,1,8,18.25829253402158,1
5.084853591014196,79.12113291036232,4.711015741588909,17.88348332898768,1,10,17.734190270413613,1
6.115222608680476,87.4036589714766,5.733309633454994,12.615332911745218,0,3,14.940607571074743,1
,90.58848940450687,6.387019753012941,13.50948827944017,0,1,16.7369978522269,1
13.14883803563189,82.82393036657513,9.517186147936298,11.639430690191395,0,8,15.381913151758155,1
27.5305311309749,56.40478731831,9.959530092537785,19.190658541031745,0,7,20.0,1
11.50942307438236,66.91337529972492,4.269467793973695,9.423725188898963,0,5,14.781107951013702,1
17.83706215806326,96.40418201630249,8.566047540972352,,0,10,20.0,1
19.33566434966638,61.230780592192595,6.23034439841406,16.206397422024118,0,7,18.045342642272523,1
,68.60835119187567,6.35474911737688,14.378865832240773,1,10,11.201392376907792,1
20.24258378848461,71.6038441472098,8.525589840082137,8.39190872941395,1,4,18.06297241739166,1
6.163043039222791,71.97024948472261,9.510558592872453,13.707154301864099,0,9,17.104796251918067,1
28.8710392066142,80.64697912472627,9.70557156701529,12.892977260032787,0,10,20.0,1
5.3112191048402755,,7.462735516229925,9.93462574370147,0,2,16.730064543385417,1
13.024099588083688,,6.142726955803017,15.876915242007883,0,9,17.755224468071177,1
3.475140374280672,56.0750688150459,8.725294515152676,19.65381088841943,1,9,11.403754062551759,1
29.909353303532473,59.873524492996864,5.506008299573802,14.746265732774301,0,5,20.0,1
15.563655299606035,94.34624501046348,7.384444173001107,16.577039317327348,1,1,19.990397882369237,1
18.266165502281268,82.2905406327603,6.151470769149239,8.8214054307922,0,7,18.558165427844642,1
2.945217844264397,64.29533946195801,7.939786442247256,13.012003949803937,1,10,8.711504065874703,0
,90.79734694843086,5.442393477361041,9.39630182197395,0,10,19.95236307026078,1
7.087262199771987,93.0684998181718,5.149557674408955,15.353550026438125,1,4,17.25278297657542,1
27.0435743937807,92.3257169345139,9.509434520052622,19.261785898569855,0,9,20.0,1
6.949049573978208,95.94632668197772,4.610822097697222,15.941332789659661,1,6,20.0,1
6.52994389924633,,7.03574744640959,8.921636579773057,0,3,10.395573877030778,0
2.0599403675947516,87.75209643731392,5.3251166977780535,12.255994459820993,0,6,12.970023884092994,1
14.689941408189979,73.026974863707,4.233579779954004,14.60796055329022,1,10,17.898609061961352,1
17.380392864615878,92.09992764450308,4.216112909748558,12.838493073599027,1,6,20.0,1
2.9055505434222186,86.42453385808065,5.051330632634964,18.003728125702068,1,5,16.805826815040085,1
23.490300884155307,88.82237232498623,9.200622127036002,17.77605205651987,1,2,20.0,1
14.1453762076928,,5.6948724638621595,15.341972241238658,1,10,17.75240827796372,1
16.207317810499823,58.87143847348534,9.702755023451775,12.481495341592463,0,10,16.04593357383066,1
,77.25134594484692,7.489733757935161,11.06403648515893,0,2,16.645688729756785,1
12.622128765384453,99.23348697622541,6.6196851386125966,9.270491818557552,0,7,16.36205260127234,1
17.22956960793832,96.86940332485594,7.480533008016728,12.25877220183865,1,2,18.82063405493312,1
5.5019671319906625,52.158686789850584,7.100190311357607,12.958070206492634,0,6,10.577334909344714,1
,58.24074078647186,8.552657522543951,16.109875101248882,0,5,15.86255563023629,1
25.991783009392,56.58643867272809,5.694976395837114,15.89791789157088,0,4,18.563183157778678,1
28.43734840187535,86.29899549926478,,8.841297675695083,1,7,20.0,1
11.825970172112836,,9.364565815199505,12.743111785173893,0,8,16.994083040202206,1
8.851595521163059,60.675568315533596,9.678739078902433,10.181346406608343,0,4,10.386638179272527,0
19.675986753931458,,9.355349364918847,9.881752463801668,0,1,16.089637519232525,1
12.853290961844795,92.03515140056,6.516687963743881,17.92762579684695,0,1,20.0,1
1.736204314150001,86.64007723831253,8.68219301804129,8.50298260059509,0,1,10.772130295628196,1
5.528425323619521,77.11186027459242,6.858014399806593,,1,1,13.13632797613573,1
21.76319463657453,79.51738452293864,6.985239112876613,,1,5,16.48925573027662,1
20.10879431539439,75.418027345814,5.228080654343704,18.551962588141688,1,4,20.0,1
1.7857837826010212,64.87742256594103,7.546781819551098,14.684486159300421,0,9,15.725486936994015,1
7.437192696055534,78.2510996429508,5.116815386520088,10.776567636522177,1,3,14.167853495430004,1
7.70116910105407,84.44426510250453,,14.029127445996517,0,7,16.466571406996867,1
,93.66614579304039,9.130181209719611,,0,8,20.0,1
1.5716055948765604,81.8145676989624,5.242454855265131,19.497416107033203,1,6,16.35947782398408,1
4.019148877552642,88.0560768521579,4.426949711040597,10.645352050945027,0,10,16.11306862838102,1
24.19756647582249,,4.414045555676898,18.634181265552144,0,1,20.0,1
6.177795199575675,73.07787372098949,9.644707123018648,19.211649370009884,1,8,20.0,1
19.929637127704368,50.46658099135467,7.041522627771007,18.997046534384793,0,10,20.0,1
,62.33394322608115,6.45647243090211,15.624972282342918,1,3,14.726098912484405,1
,86.32308575565024,8.865271486047511,15.557847853216492,0,8,15.861906020469752,1
8.051993538984169,99.59049756746816,9.014955567463096,,1,4,19.956443564159862,1
21.945741023814115,54.958904979360796,5.993146198693628,17.028774587645454,0,8,19.09711100392134,1
25.815197575082287,70.07471579306441,8.161708344842772,14.375528220211184,0,1,20.0,1
,90.00354843495798,8.62673689511132,16.129256854739534,1,3,20.0,1
12.51832235893519,60.20178173144494,7.927904121195727,13.141494846185545,0,6,14.725943767563106,1
20.37446896054874,77.7542474651143,4.909570448800596,,0,9,20.0,1
6.944544567058808,,9.255298501102342,17.89365821125459,0,2,19.376189411617425,1
9.501284177569385,80.79927251300896,,9.757235079233794,0,1,15.98445659479901,1
26.993738737112473,59.401236730770805,5.694834558220022,17.995156586890737,0,10,20.0,1
,67.76922843428697,6.551369112626164,,0,3,10.983252189798973,1
3.479747394779574,89.18958922426987,4.2254265423934445,18.135990909082693,1,4,15.94465441225124,1
7.028701399234793,77.71132570660083,,13.175620476092176,0,5,14.407090649455611,1
1.7694339123407716,50.261480677145634,8.593280503095166,12.54848582459642,0,3,12.398003776458378,1
6.261627617604122,88.0495380014047,,18.98072879020667,0,10,16.422671240814044,1
17.908205268121073,51.76556774701196,,11.014031210580816,0,2,17.2394709001381,1
13.22131196718244,87.2866891365616,7.135061086513531,18.130547903433715,1,2,20.0,1
26.88747962123227,60.124028008261874,4.327806520005834,13.80824687011285,0,7,20.0,1
24.705863290414786,97.90367400596901,9.838468977833998,14.169145310615116,1,9,20.0,1
10.912703199238404,68.39703756510423,5.356751987498032,11.701619377873808,0,10,14.902616011466662,1
8.523279569507482,66.34658081690395,5.825192317817685,14.876506407428188,1,2,15.590658694710891,1
12.01107983685074,57.44440251662223,5.823655073530164,11.902534355314536,0,7,14.491228447877301,1
,65.28021077451075,5.3824999727041,8.471232970899827,1,7,15.795566366959909,1
8.773845583863412,93.83253809141003,4.008842932517869,11.263983264132273,0,7,16.106211069360267,1
19.100318327624887,99.81671688136237,8.376068764527979,,0,3,19.14519721637083,1
12.872937913545972,68.41547652534241,9.801072998795712,19.74025744468228,0,7,20.0,1
17.009368244707428,,5.34576089971027,19.58896651783697,0,1,18.431681772658393,1
13.647669344924184,86.10354691013686,7.978283150820534,12.741863569667661,1,10,20.0,1
9.539507026715613,94.30978902325373,8.451377961752291,16.740450252075753,0,1,20.0,1
28.505145901902544,79.6522167093392,9.090552274543148,12.149673180925099,0,5,19.928831874849728,1
23.144568030633064,69.57628490889147,6.535775182081655,16.05311788503171,1,2,20.0,1
5.063282097227124,70.63109204243119,5.817585433842575,17.66516051655175,0,9,17.000406204269026,1
26.18557130103947,84.78090732484034,5.951770804138187,19.36107493630689,1,7,20.0,1
15.135504749235896,50.16091318021393,8.275727998591076,12.802547310196065,1,4,14.74072931693549,1
26.94201457992865,80.97946687299203,,17.399575795472572,0,4,20.0,1
24.19580242247214,67.77465052206787,5.089683806539616,11.191141407585425,1,2,17.54429152822226,1
,89.7098665638542,6.225646048946591,19.88398764552378,0,5,20.0,1
1.6516099412834047,54.64953199115661,9.4116411804949,8.309235185172213,0,4,8.383700391625384,0
8.791643422163435,79.41011334741953,8.840161118168435,,0,1,18.73690323605247,1
16.70739222516514,74.04864449430619,9.909150416574855,15.914071779815925,0,8,17.842744346915417,1
19.37086837495827,82.11627629526137,8.525489558092485,16.256546684889546,1,3,20.0,1
,53.24267972414842,6.359171206167534,9.444650945469068,1,6,9.162671632441082,0
5.041326148111899,78.99918937140657,7.543827003967826,19.262357401677566,0,4,16.874545036470312,1
,78.07422939797618,7.966085525483922,10.174199348600993,0,9,19.459462475418952,1
,78.03300472080855,4.4707348979027435,15.473040838878093,1,7,20.0,1
16.24501528677789,80.17438332982275,7.26698175462319,,0,9,16.565310653013363,1
5.978699289600802,83.82339686131812,8.255924970835657,11.686597004255251,0,10,13.849315736696472,1
8.8969124690617,90.24944998403848,5.003927824006363,14.557502500737492,0,3,18.648830909439713,1
,63.49103600641072,8.683790304553343,13.006321022774918,1,1,13.51081767835707,1
27.51466539025447,91.2524705090031,7.50263668308467,9.922707211718075,0,5,20.0,1
4.414781403814093,74.91278411317268,9.713330714185567,10.051236829050179,1,3,11.191251302049105,1
17.718977789913353,53.852913956716556,4.25453378924135,13.017737457953595,1,6,18.59900371290734,1
8.947601399928974,52.92754646219896,5.591956825332802,17.08739573930601,0,8,13.492297212559173,1
17.07116207295801,66.71191593480305,7.609323275798944,18.77557576217346,0,4,17.113637132512373,1
19.891191262204064,89.24484885557338,5.779359473235584,9.009531947112594,1,5,15.476722168283938,1
25.062512307508847,85.3840467370458,8.286544984427454,12.717246890712813,0,5,20.0,1
6.986216881057493,89.43074823362032,8.554031695131586,9.20294676467452,1,4,14.393994015276235,1
1.3188790310959337,75.86345282208046,4.6150957843988465,8.199109767591175,1,4,12.808087872292806,1
4.969683271995411,72.00994989777453,7.083126785240607,15.94062419172748,1,4,15.98477649323539,1
27.100540613595047,57.372626335314195,7.053343333546335,15.229393303599053,1,4,20.0,1
26.342812249312942,66.40963768046558,,9.956229365778634,1,4,18.11924839595777,1
18.32497996293894,71.70096830869376,9.597549175418033,,1,5,18.654858326894264,1
18.414988952575946,54.43002148398086,8.965037919239327,8.284493043734221,0,2,17.08238090429336,1
20.28606356184141,61.03059763556056,8.18325629145782,18.019366468332844,0,2,20.0,1
6.085767080080038,79.91126470318694,8.285959814409985,19.696287152582617,0,9,17.000074009101937,1
27.517946431823834,,6.770296862878714,9.62551444153629,1,2,20.0,1
13.14434522187012,99.91737556964748,9.525967126579456,10.777702565183578,0,6,17.642987561398392,1
12.111017319235426,96.65566656717789,8.167572563519713,18.42091428736321,1,2,19.00963659364374,1
16.04861345320229,82.12825997675958,8.373886369934898,19.117565575474217,0,5,19.325877670643415,1
2.362013036476596,71.0624026647036,9.170145422724072,13.035528593681724,1,4,12.49178800867941,1
5.822217693926303,,5.644429536053146,8.607469667228889,0,7,13.526479517055925,1
22.40297487636474,,8.842425423200218,8.472702004313833,1,7,20.0,1
3.4011613698286673,55.91680954616937,5.1714436177389524,14.887398392828125,0,6,11.244454509278986,1
18.491411174525258,70.4952444848144,6.072051713469327,12.714741306718148,0,10,19.668077058063272,1
8.115124180758308,91.99011428178086,6.0136627256190565,8.343829130931855,0,5,14.495191007239468,1
12.28957280721732,69.1916475966522,9.871152810334843,14.999028707750682,1,1,13.581070603762672,1
,78.59361356135932,9.139223342487561,8.135630439068269,0,3,13.166660037272822,1
11.314508777483525,79.38846804310991,8.207019169541558,17.448463497791273,0,9,20.0,1
,59.22381265668197,8.362340569692341,11.677193872440458,1,1,17.66596246874117,1
9.616529753072076,68.11177208261442,,8.483096036110785,1,5,13.696051346623314,1
,66.72556443709661,9.682544002651115,,1,2,19.917123488278374,1
14.80546166377389,51.30983542660324,6.9775525172941695,12.772212973196655,0,4,13.127002797667563,1
20.246463795516796,51.209588194567765,6.283106259219367,19.685604960285794,0,1,17.491514297087758,1
28.16806244041798,91.58485218378868,4.978212021589546,14.530383950044426,1,3,20.0,1
22.244590819097258,63.65354049864062,,11.302870172444099,0,10,18.87550247143506,1
7.233270979131946,,8.406663592453548,16.5132663756077,1,7,17.209408025621148,1
1.9043109167772556,64.93627867943866,6.3061302311448095,11.257904030512536,0,10,12.654032534568728,1
8.605657284694928,97.03396225576702,4.151160483755376,18.850919496890782,0,3,18.050944373656325,1
18.25725999030739,62.964837943288686,9.033983966308064,12.496663646088518,0,4,14.365953815976717,1
2.49134859104326,71.48284063694675,4.068507900724442,,0,2,11.755630279683439,1
15.394621168835855,93.63651252423008,8.222198677774305,8.606877245890747,0,3,16.040930092892008,1
18.308442618589787,92.09667833959043,9.821542658356343,,0,9,20.0,1
10.693072833691863,59.305070892313864,6.625967968889221,17.98836247593194,1,3,17.833964015385476,1
23.356453908628836,90.13216548978552,5.409840429975716,,0,5,20.0,1
4.091349340879383,72.90934433689463,,10.691822706242315,1,2,13.243946308340183,1
3.178995670338454,74.14844360426775,,,1,4,11.636179233157405,1
22.1174739299045,56.67399862079719,7.278581896467084,17.80766374655884,0,7,19.97212718084709,1
,54.03007568785623,9.802211651536878,19.164781042031905,0,7,15.972550829979316,1
20.963669496404346,86.39696534868827,4.310012329947766,,1,3,19.711906974861442,1
13.60999281950864,74.82305761776499,7.028773589827169,13.400703673114704,1,5,15.651030130498384,1
,,8.3107236839353,12.049451347570749,1,1,15.656604284099163,1
24.753967212551792,86.47541143261984,9.175842826895074,18.448261465489274,1,10,20.0,1
24.1830604901004,88.27564494955548,5.07553367144674,,1,10,18.49828830205235,1
21.146197654778376,57.94540838346768,8.800020890582088,10.533511310696449,0,10,18.771299734933343,1
8.892208979668919,,7.316242454311272,,0,1,17.796055739044704,1
18.116689339203525,56.76770411388428,6.3793220919397795,,1,5,14.074715631686484,1
11.468243011260776,87.56875430145229,4.790290171474561,13.910424568571472,0,10,18.898785623478947,1
3.6558801264723906,82.84775781335698,9.191774553453474,13.30528441615664,1,9,12.693666981377746,1
27.60209368840504,97.8307310541729,4.943639249078292,12.012814147864983,0,1,20.0,1
4.967740296649881,53.44790081782106,5.858727155254595,,0,1,11.71989222469523,1
,52.852736057562716,5.740273191774621,14.359287043162794,1,4,20.0,1
13.934167415780717,64.10935373466,9.228484205145126,9.936408300660597,0,4,12.243938726929825,1
